{"version":3,"update_interval_hours":24,"settings":{"tierbase_search_timeout":15000,"mainbase_search_timeout":10000,"tierbase_api_timeout":35000,"mainbase_api_timeout":30000,"proxy_search_timeout":10000},"mainbase":["https://frwy.baths-belle.org","https://hgus.instance-hungry.net","https://qlbm.instance-hungry.net","https://mrmh.toilet-extras.org","https://vsxm.trans-jerry.org","https://ixex.excuse-asking.org","https://nblx.instance-hungry.net","https://awdb.decades-courts.org","https://ygbd.viral-fountain.net","https://irch.trans-jerry.org","https://ozgu.waiver-serious.net","https://yazx.toilet-extras.org","https://1.thirdbackupdomain.com"],"tierbase":["https://govz.toilet-extras.org","https://iejg.excuse-asking.org","https://ctjv.trans-jerry.org","https://yukh.baths-belle.org","https://ydjx.honda-broad.net","https://hkkp.toilet-extras.org","https://srpx.decades-courts.org","https://ffed.honda-broad.net","https://zonu.baths-belle.org","https://vezk.viral-fountain.net","https://zrny.baths-belle.org","https://myyw.instance-hungry.net","https://hrof.decades-courts.org","https://azbe.recall-reprint.org:5928/h","https://yibz.cd-n.net:8914/h","https://qxca.sessions-graph.org:2296/h","https://jguy.kitty-deserve.org:1794/h","https://tjvz.itunes-brokers.org:1753/h","https://cwzl.coupled-clone.net:6623/h","https://trjt.cd-n.net:5678/h","https://grag.sessions-graph.org:8816/h","https://uaem.regions-items.net:9245/h","https://udat.wiley-simply.org:7709/h","https://nhic.norton-matter.org:4337/h","https://iidd.regions-items.net:7460/h","https://nicz.occurs-vehicles.org:7997/h","https://vxfd.terry-specials.net:3574/h","https://istb.sound-ranges.net:3771/h","https://znab.diltwo.com:6331/h","https://esvp.plugin-saturn.org:7716/h","https://nkcx.norton-matter.org:7526/h","https://afui.oregon-asset.net:10574/h","https://yaqw.costa-villages.net:9403/h","https://nzcj.trunk-dublin.org:4064/h","https://zgne.oregon-asset.net:4768/h","https://cryr.itunes-brokers.org:2135/h","https://kcdh.merge-navigate.net:1805/h","https://ueme.kitty-deserve.org:5581/h","https://dfle.merge-navigate.net:5379/h","https://cbdi.merge-navigate.net:7557/h","https://thwa.coupled-clone.net:7413/h","https://umng.diltwo.com:3583/h","https://vdtu.mainbackupdomain.com:9893/h","https://vooe.sound-ranges.net:2653/h","https://ufjh.extract-bored.net:7245/h","https://uonk.secondbackupdomain.com:4963/h","https://zang.wiley-simply.org:4123/h","https://hmcc.oregon-asset.net:6845/h","https://ckjm.sodium-speech.net:3277/h","https://umfw.sodium-speech.net:6994/h"]}